<OpenViBE-Scenario>
	<FormatVersion>2</FormatVersion>
	<Creator>OpenViBE Designer</Creator>
	<CreatorVersion>3.3.1</CreatorVersion>
	<Settings></Settings>
	<Inputs></Inputs>
	<Outputs></Outputs>
	<Boxes>
		<Box>
			<Identifier>(0x00001323, 0x00005225)</Identifier>
			<Name>Signal display</Name>
			<AlgorithmClassIdentifier>(0x0055be5f, 0x087bdd12)</AlgorithmClassIdentifier>
			<Inputs>
				<Input>
					<TypeIdentifier>(0x5ba36127, 0x195feae1)</TypeIdentifier>
					<Name>Data</Name>
				</Input>
				<Input>
					<TypeIdentifier>(0x6f752dd0, 0x082a321e)</TypeIdentifier>
					<Name>Stimulations</Name>
				</Input>
				<Input>
					<TypeIdentifier>(0x6ab26b81, 0x0f8c02f3)</TypeIdentifier>
					<Name>Channel Units</Name>
				</Input>
			</Inputs>
			<Settings>
				<Setting>
					<TypeIdentifier>(0x5de046a6, 0x086340aa)</TypeIdentifier>
					<Name>Display Mode</Name>
					<DefaultValue>Scan</DefaultValue>
					<Value>Scan</Value>
					<Modifiability>false</Modifiability>
				</Setting>
				<Setting>
					<TypeIdentifier>(0x33a30739, 0x00d5299b)</TypeIdentifier>
					<Name>Auto vertical scale</Name>
					<DefaultValue>Per channel</DefaultValue>
					<Value>Per channel</Value>
					<Modifiability>false</Modifiability>
				</Setting>
				<Setting>
					<TypeIdentifier>(0x512a166f, 0x5c3ef83f)</TypeIdentifier>
					<Name>Scale refresh interval (secs)</Name>
					<DefaultValue>5</DefaultValue>
					<Value>5</Value>
					<Modifiability>false</Modifiability>
				</Setting>
				<Setting>
					<TypeIdentifier>(0x512a166f, 0x5c3ef83f)</TypeIdentifier>
					<Name>Vertical Scale</Name>
					<DefaultValue>100</DefaultValue>
					<Value>100</Value>
					<Modifiability>false</Modifiability>
				</Setting>
				<Setting>
					<TypeIdentifier>(0x512a166f, 0x5c3ef83f)</TypeIdentifier>
					<Name>Vertical Offset</Name>
					<DefaultValue>0</DefaultValue>
					<Value>0</Value>
					<Modifiability>false</Modifiability>
				</Setting>
				<Setting>
					<TypeIdentifier>(0x512a166f, 0x5c3ef83f)</TypeIdentifier>
					<Name>Time Scale</Name>
					<DefaultValue>10</DefaultValue>
					<Value>10</Value>
					<Modifiability>false</Modifiability>
				</Setting>
				<Setting>
					<TypeIdentifier>(0x2cdb2f0b, 0x12f231ea)</TypeIdentifier>
					<Name>Bottom ruler</Name>
					<DefaultValue>true</DefaultValue>
					<Value>true</Value>
					<Modifiability>false</Modifiability>
				</Setting>
				<Setting>
					<TypeIdentifier>(0x2cdb2f0b, 0x12f231ea)</TypeIdentifier>
					<Name>Left ruler</Name>
					<DefaultValue>false</DefaultValue>
					<Value>false</Value>
					<Modifiability>false</Modifiability>
				</Setting>
				<Setting>
					<TypeIdentifier>(0x2cdb2f0b, 0x12f231ea)</TypeIdentifier>
					<Name>Multiview</Name>
					<DefaultValue>false</DefaultValue>
					<Value>false</Value>
					<Modifiability>false</Modifiability>
				</Setting>
			</Settings>
			<Attributes>
				<Attribute>
					<Identifier>(0x1fa7a38f, 0x54edbe0b)</Identifier>
					<Value>336</Value>
				</Attribute>
				<Attribute>
					<Identifier>(0x207c9054, 0x3c841b63)</Identifier>
					<Value>464</Value>
				</Attribute>
				<Attribute>
					<Identifier>(0x4e7b798a, 0x183beafb)</Identifier>
					<Value>(0x92c056a7, 0x2dc71aff)</Value>
				</Attribute>
				<Attribute>
					<Identifier>(0x527ad68d, 0x16d746a0)</Identifier>
					<Value></Value>
				</Attribute>
				<Attribute>
					<Identifier>(0xce18836a, 0x9c0eb403)</Identifier>
					<Value>9</Value>
				</Attribute>
				<Attribute>
					<Identifier>(0xcfad85b0, 0x7c6d841c)</Identifier>
					<Value>3</Value>
				</Attribute>
			</Attributes>
		</Box>
		<Box>
			<Identifier>(0x00001d15, 0x000035b3)</Identifier>
			<Name>RPM Generator</Name>
			<AlgorithmClassIdentifier>(0x5dc4f669, 0xd3fd4d63)</AlgorithmClassIdentifier>
			<Outputs>
				<Output>
					<TypeIdentifier>(0x5ba36127, 0x195feae1)</TypeIdentifier>
					<Name>Generated signals</Name>
				</Output>
			</Outputs>
			<Settings>
				<Setting>
					<TypeIdentifier>(0x007deef9, 0x2f3e95c6)</TypeIdentifier>
					<Name>Clock frequency (Hz)</Name>
					<DefaultValue>60</DefaultValue>
					<Value>64</Value>
					<Modifiability>false</Modifiability>
				</Setting>
				<Setting>
					<TypeIdentifier>(0xb0d0db45, 0x49cbc34a)</TypeIdentifier>
					<Name>Script</Name>
					<DefaultValue></DefaultValue>
					<Value>C:/Users/andre/Desktop/openvibePythonScripts_Denis/valuesGenerator.py</Value>
					<Modifiability>false</Modifiability>
				</Setting>
				<Setting>
					<TypeIdentifier>(0x007deef9, 0x2f3e95c6)</TypeIdentifier>
					<Name>Channel count</Name>
					<DefaultValue>4</DefaultValue>
					<Value>1</Value>
					<Modifiability>false</Modifiability>
				</Setting>
				<Setting>
					<TypeIdentifier>(0x007deef9, 0x2f3e95c6)</TypeIdentifier>
					<Name>Sampling frequency</Name>
					<DefaultValue>512</DefaultValue>
					<Value>1</Value>
					<Modifiability>false</Modifiability>
				</Setting>
				<Setting>
					<TypeIdentifier>(0x007deef9, 0x2f3e95c6)</TypeIdentifier>
					<Name>Generated epoch sample count</Name>
					<DefaultValue>32</DefaultValue>
					<Value>1</Value>
					<Modifiability>false</Modifiability>
				</Setting>
				<Setting>
					<Identifier>(0x8836f9b5, 0x3b200d18)</Identifier>
					<TypeIdentifier>(0x79a9edeb, 0x245d83fc)</TypeIdentifier>
					<Name>RPM</Name>
					<DefaultValue>30</DefaultValue>
					<Value>100</Value>
					<Modifiability>false</Modifiability>
				</Setting>
			</Settings>
			<Attributes>
				<Attribute>
					<Identifier>(0x17ee7c08, 0x94c14893)</Identifier>
					<Value></Value>
				</Attribute>
				<Attribute>
					<Identifier>(0x1fa7a38f, 0x54edbe0b)</Identifier>
					<Value>192</Value>
				</Attribute>
				<Attribute>
					<Identifier>(0x207c9054, 0x3c841b63)</Identifier>
					<Value>208</Value>
				</Attribute>
				<Attribute>
					<Identifier>(0x30a4e5c9, 0x83502953)</Identifier>
					<Value></Value>
				</Attribute>
				<Attribute>
					<Identifier>(0x4e7b798a, 0x183beafb)</Identifier>
					<Value>(0x2a651510, 0xb4fad0d4)</Value>
				</Attribute>
				<Attribute>
					<Identifier>(0x527ad68d, 0x16d746a0)</Identifier>
					<Value></Value>
				</Attribute>
				<Attribute>
					<Identifier>(0x61d11811, 0x71e65362)</Identifier>
					<Value></Value>
				</Attribute>
				<Attribute>
					<Identifier>(0xce18836a, 0x9c0eb403)</Identifier>
					<Value>2</Value>
				</Attribute>
				<Attribute>
					<Identifier>(0xf191c1c8, 0xa0123976)</Identifier>
					<Value></Value>
				</Attribute>
				<Attribute>
					<Identifier>(0xfba64161, 0x65304e21)</Identifier>
					<Value></Value>
				</Attribute>
			</Attributes>
		</Box>
		<Box>
			<Identifier>(0x00006245, 0x000030e8)</Identifier>
			<Name>Lua Stimulator</Name>
			<AlgorithmClassIdentifier>(0x0b5a2787, 0x02750621)</AlgorithmClassIdentifier>
			<Outputs>
				<Output>
					<TypeIdentifier>(0x6f752dd0, 0x082a321e)</TypeIdentifier>
					<Name>Stimulations</Name>
				</Output>
			</Outputs>
			<Settings>
				<Setting>
					<TypeIdentifier>(0xb0d0db45, 0x49cbc34a)</TypeIdentifier>
					<Name>Lua Script</Name>
					<DefaultValue></DefaultValue>
					<Value>C:/Users/andre/Desktop/openvibePythonScripts_Denis/sample-lua-script.lua</Value>
					<Modifiability>false</Modifiability>
				</Setting>
			</Settings>
			<Attributes>
				<Attribute>
					<Identifier>(0x17ee7c08, 0x94c14893)</Identifier>
					<Value></Value>
				</Attribute>
				<Attribute>
					<Identifier>(0x1fa7a38f, 0x54edbe0b)</Identifier>
					<Value>192</Value>
				</Attribute>
				<Attribute>
					<Identifier>(0x207c9054, 0x3c841b63)</Identifier>
					<Value>336</Value>
				</Attribute>
				<Attribute>
					<Identifier>(0x4e7b798a, 0x183beafb)</Identifier>
					<Value>(0xd6e3f48b, 0xbee3523a)</Value>
				</Attribute>
				<Attribute>
					<Identifier>(0x61d11811, 0x71e65362)</Identifier>
					<Value></Value>
				</Attribute>
				<Attribute>
					<Identifier>(0xc80ce8af, 0xf699f813)</Identifier>
					<Value>1</Value>
				</Attribute>
				<Attribute>
					<Identifier>(0xce18836a, 0x9c0eb403)</Identifier>
					<Value>1</Value>
				</Attribute>
				<Attribute>
					<Identifier>(0xf191c1c8, 0xa0123976)</Identifier>
					<Value></Value>
				</Attribute>
				<Attribute>
					<Identifier>(0xfba64161, 0x65304e21)</Identifier>
					<Value></Value>
				</Attribute>
			</Attributes>
		</Box>
		<Box>
			<Identifier>(0x00006593, 0x00001e93)</Identifier>
			<Name>Raw MQTTT Output</Name>
			<AlgorithmClassIdentifier>(0x5dc4f669, 0xd3fd4d63)</AlgorithmClassIdentifier>
			<Inputs>
				<Input>
					<Identifier>(0xed15d980, 0xc7e2bbc3)</Identifier>
					<TypeIdentifier>(0x5ba36127, 0x195feae1)</TypeIdentifier>
					<Name>New input</Name>
				</Input>
			</Inputs>
			<Settings>
				<Setting>
					<TypeIdentifier>(0x007deef9, 0x2f3e95c6)</TypeIdentifier>
					<Name>Clock frequency (Hz)</Name>
					<DefaultValue>64</DefaultValue>
					<Value>20</Value>
					<Modifiability>false</Modifiability>
				</Setting>
				<Setting>
					<TypeIdentifier>(0xb0d0db45, 0x49cbc34a)</TypeIdentifier>
					<Name>Script</Name>
					<DefaultValue></DefaultValue>
					<Value>C:/Users/andre/Desktop/openvibePythonScripts_Denis/rawmqttOutput.py</Value>
					<Modifiability>false</Modifiability>
				</Setting>
				<Setting>
					<Identifier>(0xba1a8f70, 0x943ebcbc)</Identifier>
					<TypeIdentifier>(0x79a9edeb, 0x245d83fc)</TypeIdentifier>
					<Name>MQTTHost</Name>
					<DefaultValue>10.1.1.243</DefaultValue>
					<Value>10.1.1.243</Value>
					<Modifiability>false</Modifiability>
				</Setting>
				<Setting>
					<Identifier>(0x52bc8112, 0x801b6bc3)</Identifier>
					<TypeIdentifier>(0x007deef9, 0x2f3e95c6)</TypeIdentifier>
					<Name>MQTTPort</Name>
					<DefaultValue>1883</DefaultValue>
					<Value>1883</Value>
					<Modifiability>false</Modifiability>
				</Setting>
			</Settings>
			<Attributes>
				<Attribute>
					<Identifier>(0x17ee7c08, 0x94c14893)</Identifier>
					<Value></Value>
				</Attribute>
				<Attribute>
					<Identifier>(0x1fa7a38f, 0x54edbe0b)</Identifier>
					<Value>448</Value>
				</Attribute>
				<Attribute>
					<Identifier>(0x207c9054, 0x3c841b63)</Identifier>
					<Value>560</Value>
				</Attribute>
				<Attribute>
					<Identifier>(0x30a4e5c9, 0x83502953)</Identifier>
					<Value></Value>
				</Attribute>
				<Attribute>
					<Identifier>(0x4e7b798a, 0x183beafb)</Identifier>
					<Value>(0x2a651510, 0xb4fad0d4)</Value>
				</Attribute>
				<Attribute>
					<Identifier>(0x527ad68d, 0x16d746a0)</Identifier>
					<Value></Value>
				</Attribute>
				<Attribute>
					<Identifier>(0x61d11811, 0x71e65362)</Identifier>
					<Value></Value>
				</Attribute>
				<Attribute>
					<Identifier>(0xce18836a, 0x9c0eb403)</Identifier>
					<Value>2</Value>
				</Attribute>
				<Attribute>
					<Identifier>(0xf191c1c8, 0xa0123976)</Identifier>
					<Value></Value>
				</Attribute>
				<Attribute>
					<Identifier>(0xfba64161, 0x65304e21)</Identifier>
					<Value></Value>
				</Attribute>
			</Attributes>
		</Box>
		<Box>
			<Identifier>(0x00006593, 0x00001e94)</Identifier>
			<Name>Stimulation for Bike</Name>
			<AlgorithmClassIdentifier>(0x5dc4f669, 0xd3fd4d63)</AlgorithmClassIdentifier>
			<Inputs>
				<Input>
					<Identifier>(0xed15d980, 0xc7e2bbc3)</Identifier>
					<TypeIdentifier>(0x5ba36127, 0x195feae1)</TypeIdentifier>
					<Name>rpm</Name>
				</Input>
				<Input>
					<Identifier>(0x517cda8a, 0x8f049c3e)</Identifier>
					<TypeIdentifier>(0x6f752dd0, 0x082a321e)</TypeIdentifier>
					<Name>StartTrigger</Name>
				</Input>
			</Inputs>
			<Settings>
				<Setting>
					<TypeIdentifier>(0x007deef9, 0x2f3e95c6)</TypeIdentifier>
					<Name>Clock frequency (Hz)</Name>
					<DefaultValue>64</DefaultValue>
					<Value>64</Value>
					<Modifiability>false</Modifiability>
				</Setting>
				<Setting>
					<TypeIdentifier>(0xb0d0db45, 0x49cbc34a)</TypeIdentifier>
					<Name>Script</Name>
					<DefaultValue></DefaultValue>
					<Value>C:/Users/andre/Desktop/openvibePythonScripts_Denis/mqttOutputBike.py</Value>
					<Modifiability>false</Modifiability>
				</Setting>
				<Setting>
					<Identifier>(0x93e3cc13, 0x4b263992)</Identifier>
					<TypeIdentifier>(0x79a9edeb, 0x245d83fc)</TypeIdentifier>
					<Name>MQTT Server Host</Name>
					<DefaultValue>10.1.0.44</DefaultValue>
					<Value>10.1.0.44</Value>
					<Modifiability>false</Modifiability>
				</Setting>
				<Setting>
					<Identifier>(0x9288d308, 0x1eed7795)</Identifier>
					<TypeIdentifier>(0x007deef9, 0x2f3e95c6)</TypeIdentifier>
					<Name>MQTT Gate</Name>
					<DefaultValue>1883</DefaultValue>
					<Value>1883</Value>
					<Modifiability>false</Modifiability>
				</Setting>
				<Setting>
					<Identifier>(0x4560351a, 0x2f2bbed3)</Identifier>
					<TypeIdentifier>(0x007deef9, 0x2f3e95c6)</TypeIdentifier>
					<Name>Stimulation Box Number</Name>
					<DefaultValue>4360</DefaultValue>
					<Value>4360</Value>
					<Modifiability>false</Modifiability>
				</Setting>
				<Setting>
					<Identifier>(0xc8261f39, 0x33c02018)</Identifier>
					<TypeIdentifier>(0x007deef9, 0x2f3e95c6)</TypeIdentifier>
					<Name>Pulse Width</Name>
					<DefaultValue>200</DefaultValue>
					<Value>200</Value>
					<Modifiability>false</Modifiability>
				</Setting>
				<Setting>
					<Identifier>(0x7365702a, 0xe7724c57)</Identifier>
					<TypeIdentifier>(0x007deef9, 0x2f3e95c6)</TypeIdentifier>
					<Name>Stim Frequence (Hz)</Name>
					<DefaultValue>50</DefaultValue>
					<Value>50</Value>
					<Modifiability>false</Modifiability>
				</Setting>
				<Setting>
					<Identifier>(0x87aad5b7, 0x58bf3036)</Identifier>
					<TypeIdentifier>(0x79a9edeb, 0x245d83fc)</TypeIdentifier>
					<Name>Right Leg Stim</Name>
					<DefaultValue>5,5,0,0</DefaultValue>
					<Value>5,5,0,0</Value>
					<Modifiability>false</Modifiability>
				</Setting>
				<Setting>
					<Identifier>(0x520bb606, 0x3e5d8bc7)</Identifier>
					<TypeIdentifier>(0x79a9edeb, 0x245d83fc)</TypeIdentifier>
					<Name>Left Leg Stimulation</Name>
					<DefaultValue>0,0,5,5</DefaultValue>
					<Value>0,0,5,5</Value>
					<Modifiability>false</Modifiability>
				</Setting>
			</Settings>
			<Attributes>
				<Attribute>
					<Identifier>(0x17ee7c08, 0x94c14893)</Identifier>
					<Value></Value>
				</Attribute>
				<Attribute>
					<Identifier>(0x1fa7a38f, 0x54edbe0b)</Identifier>
					<Value>304</Value>
				</Attribute>
				<Attribute>
					<Identifier>(0x207c9054, 0x3c841b63)</Identifier>
					<Value>800</Value>
				</Attribute>
				<Attribute>
					<Identifier>(0x30a4e5c9, 0x83502953)</Identifier>
					<Value></Value>
				</Attribute>
				<Attribute>
					<Identifier>(0x4e7b798a, 0x183beafb)</Identifier>
					<Value>(0x2a651510, 0xb4fad0d4)</Value>
				</Attribute>
				<Attribute>
					<Identifier>(0x527ad68d, 0x16d746a0)</Identifier>
					<Value></Value>
				</Attribute>
				<Attribute>
					<Identifier>(0x61d11811, 0x71e65362)</Identifier>
					<Value></Value>
				</Attribute>
				<Attribute>
					<Identifier>(0xce18836a, 0x9c0eb403)</Identifier>
					<Value>2</Value>
				</Attribute>
				<Attribute>
					<Identifier>(0xf191c1c8, 0xa0123976)</Identifier>
					<Value></Value>
				</Attribute>
				<Attribute>
					<Identifier>(0xfba64161, 0x65304e21)</Identifier>
					<Value></Value>
				</Attribute>
			</Attributes>
		</Box>
		<Box>
			<Identifier>(0x00006593, 0x00001e95)</Identifier>
			<Name>Stimulation for Walk</Name>
			<AlgorithmClassIdentifier>(0x5dc4f669, 0xd3fd4d63)</AlgorithmClassIdentifier>
			<Inputs>
				<Input>
					<Identifier>(0xed15d980, 0xc7e2bbc3)</Identifier>
					<TypeIdentifier>(0x5ba36127, 0x195feae1)</TypeIdentifier>
					<Name>rpm</Name>
				</Input>
				<Input>
					<Identifier>(0x517cda8a, 0x8f049c3e)</Identifier>
					<TypeIdentifier>(0x6f752dd0, 0x082a321e)</TypeIdentifier>
					<Name>StartTrigger</Name>
				</Input>
			</Inputs>
			<Settings>
				<Setting>
					<TypeIdentifier>(0x007deef9, 0x2f3e95c6)</TypeIdentifier>
					<Name>Clock frequency (Hz)</Name>
					<DefaultValue>64</DefaultValue>
					<Value>64</Value>
					<Modifiability>false</Modifiability>
				</Setting>
				<Setting>
					<TypeIdentifier>(0xb0d0db45, 0x49cbc34a)</TypeIdentifier>
					<Name>Script</Name>
					<DefaultValue></DefaultValue>
					<Value>C:/Users/andre/Desktop/openvibePythonScripts_Denis/mqttOutputWalk.py</Value>
					<Modifiability>false</Modifiability>
				</Setting>
				<Setting>
					<Identifier>(0x93e3cc13, 0x4b263992)</Identifier>
					<TypeIdentifier>(0x79a9edeb, 0x245d83fc)</TypeIdentifier>
					<Name>MQTT Server Host</Name>
					<DefaultValue>10.1.0.44</DefaultValue>
					<Value>10.1.0.44</Value>
					<Modifiability>false</Modifiability>
				</Setting>
				<Setting>
					<Identifier>(0x9288d308, 0x1eed7795)</Identifier>
					<TypeIdentifier>(0x007deef9, 0x2f3e95c6)</TypeIdentifier>
					<Name>MQTT Gate</Name>
					<DefaultValue>1883</DefaultValue>
					<Value>1883</Value>
					<Modifiability>false</Modifiability>
				</Setting>
				<Setting>
					<Identifier>(0x4560351a, 0x2f2bbed3)</Identifier>
					<TypeIdentifier>(0x007deef9, 0x2f3e95c6)</TypeIdentifier>
					<Name>Stimulation Box Number</Name>
					<DefaultValue>4360</DefaultValue>
					<Value>4360</Value>
					<Modifiability>false</Modifiability>
				</Setting>
				<Setting>
					<Identifier>(0xc8261f39, 0x33c02018)</Identifier>
					<TypeIdentifier>(0x007deef9, 0x2f3e95c6)</TypeIdentifier>
					<Name>Pulse Width</Name>
					<DefaultValue>200</DefaultValue>
					<Value>200</Value>
					<Modifiability>false</Modifiability>
				</Setting>
				<Setting>
					<Identifier>(0x7365702a, 0xe7724c57)</Identifier>
					<TypeIdentifier>(0x007deef9, 0x2f3e95c6)</TypeIdentifier>
					<Name>Stim Frequence (Hz)</Name>
					<DefaultValue>50</DefaultValue>
					<Value>50</Value>
					<Modifiability>false</Modifiability>
				</Setting>
				<Setting>
					<Identifier>(0xd8facab0, 0x6bd8a4f0)</Identifier>
					<TypeIdentifier>(0x79a9edeb, 0x245d83fc)</TypeIdentifier>
					<Name>Fase1</Name>
					<DefaultValue>7,0,0,8;7,0,8,0</DefaultValue>
					<Value>7,0,0,8;7,0,8,0</Value>
					<Modifiability>false</Modifiability>
				</Setting>
				<Setting>
					<Identifier>(0xbbedca6f, 0x48f54f12)</Identifier>
					<TypeIdentifier>(0x79a9edeb, 0x245d83fc)</TypeIdentifier>
					<Name>Fase2</Name>
					<DefaultValue>7,0,0,0;0,8,0,8</DefaultValue>
					<Value>7,0,0,0;0,8,0,8</Value>
					<Modifiability>false</Modifiability>
				</Setting>
				<Setting>
					<Identifier>(0x1088e04b, 0xd22343b0)</Identifier>
					<TypeIdentifier>(0x79a9edeb, 0x245d83fc)</TypeIdentifier>
					<Name>Fase3</Name>
					<DefaultValue>7,0,8,0;7,0,0,8</DefaultValue>
					<Value>7,0,8,0;7,0,0,8</Value>
					<Modifiability>false</Modifiability>
				</Setting>
				<Setting>
					<Identifier>(0x571cd6bc, 0x5b48b7cc)</Identifier>
					<TypeIdentifier>(0x79a9edeb, 0x245d83fc)</TypeIdentifier>
					<Name>Fase4</Name>
					<DefaultValue>0,8,0,8;7,0,0,0</DefaultValue>
					<Value>0,8,0,8;7,0,0,0</Value>
					<Modifiability>false</Modifiability>
				</Setting>
				<Setting>
					<Identifier>(0x8964101a, 0xae013c74)</Identifier>
					<TypeIdentifier>(0x79a9edeb, 0x245d83fc)</TypeIdentifier>
					<Name>Stimulation Box Number 2</Name>
					<DefaultValue>3632</DefaultValue>
					<Value>3632</Value>
					<Modifiability>false</Modifiability>
				</Setting>
			</Settings>
			<Attributes>
				<Attribute>
					<Identifier>(0x17ee7c08, 0x94c14893)</Identifier>
					<Value></Value>
				</Attribute>
				<Attribute>
					<Identifier>(0x1fa7a38f, 0x54edbe0b)</Identifier>
					<Value>320</Value>
				</Attribute>
				<Attribute>
					<Identifier>(0x207c9054, 0x3c841b63)</Identifier>
					<Value>288</Value>
				</Attribute>
				<Attribute>
					<Identifier>(0x30a4e5c9, 0x83502953)</Identifier>
					<Value></Value>
				</Attribute>
				<Attribute>
					<Identifier>(0x4e7b798a, 0x183beafb)</Identifier>
					<Value>(0x2a651510, 0xb4fad0d4)</Value>
				</Attribute>
				<Attribute>
					<Identifier>(0x527ad68d, 0x16d746a0)</Identifier>
					<Value></Value>
				</Attribute>
				<Attribute>
					<Identifier>(0x61d11811, 0x71e65362)</Identifier>
					<Value></Value>
				</Attribute>
				<Attribute>
					<Identifier>(0xce18836a, 0x9c0eb403)</Identifier>
					<Value>2</Value>
				</Attribute>
				<Attribute>
					<Identifier>(0xf191c1c8, 0xa0123976)</Identifier>
					<Value></Value>
				</Attribute>
				<Attribute>
					<Identifier>(0xfba64161, 0x65304e21)</Identifier>
					<Value></Value>
				</Attribute>
			</Attributes>
		</Box>
	</Boxes>
	<Links>
		<Link>
			<Identifier>(0x000019cc, 0x000065a3)</Identifier>
			<Source>
				<BoxIdentifier>(0x00006245, 0x000030e8)</BoxIdentifier>
				<BoxOutputIndex>0</BoxOutputIndex>
			</Source>
			<Target>
				<BoxIdentifier>(0x00006593, 0x00001e95)</BoxIdentifier>
				<BoxInputIdentifier>(0x517cda8a, 0x8f049c3e)</BoxInputIdentifier>
			</Target>
		</Link>
		<Link>
			<Identifier>(0x00004fb0, 0x0000538a)</Identifier>
			<Source>
				<BoxIdentifier>(0x00001d15, 0x000035b3)</BoxIdentifier>
				<BoxOutputIndex>0</BoxOutputIndex>
			</Source>
			<Target>
				<BoxIdentifier>(0x00001323, 0x00005225)</BoxIdentifier>
				<BoxInputIndex>0</BoxInputIndex>
			</Target>
		</Link>
		<Link>
			<Identifier>(0x00007443, 0x0000253e)</Identifier>
			<Source>
				<BoxIdentifier>(0x00001d15, 0x000035b3)</BoxIdentifier>
				<BoxOutputIndex>0</BoxOutputIndex>
			</Source>
			<Target>
				<BoxIdentifier>(0x00006593, 0x00001e95)</BoxIdentifier>
				<BoxInputIdentifier>(0xed15d980, 0xc7e2bbc3)</BoxInputIdentifier>
			</Target>
		</Link>
		<Link>
			<Identifier>(0x00007a59, 0x00004c85)</Identifier>
			<Source>
				<BoxIdentifier>(0x00001d15, 0x000035b3)</BoxIdentifier>
				<BoxOutputIndex>0</BoxOutputIndex>
			</Source>
			<Target>
				<BoxIdentifier>(0x00006593, 0x00001e93)</BoxIdentifier>
				<BoxInputIdentifier>(0xed15d980, 0xc7e2bbc3)</BoxInputIdentifier>
			</Target>
		</Link>
	</Links>
	<Comments>
		<Comment>
			<Identifier>(0x00003cb4, 0x00004c5e)</Identifier>
			<Text>The clock stimulator generates 
1 stim per second.

The associated python script should 
print all the received stimulations.</Text>
			<Attributes>
				<Attribute>
					<Identifier>(0x473d9a43, 0x97fc0a97)</Identifier>
					<Value>656</Value>
				</Attribute>
				<Attribute>
					<Identifier>(0x7234b86b, 0x2b8651a5)</Identifier>
					<Value>80</Value>
				</Attribute>
			</Attributes>
		</Comment>
	</Comments>
	<Metadata>
		<Entry>
			<Identifier>(0x0000775c, 0x000078ff)</Identifier>
			<Type>(0x3bcce5d2, 0x43f2d968)</Type>
			<Data>[{"boxIdentifier":"(0x00001323, 0x00005225)","childCount":0,"identifier":"(0x00003853, 0x00003ce5)","parentIdentifier":"(0xffffffff, 0xffffffff)","type":3},{"boxIdentifier":"(0xffffffff, 0xffffffff)","childCount":1,"height":320,"identifier":"(0x000051c6, 0x0000403f)","name":"Default window","parentIdentifier":"(0xffffffff, 0xffffffff)","type":1,"width":475},{"boxIdentifier":"(0xffffffff, 0xffffffff)","childCount":1,"identifier":"(0x00006099, 0x00001a73)","index":0,"name":"Default tab","parentIdentifier":"(0x000051c6, 0x0000403f)","type":2},{"boxIdentifier":"(0xffffffff, 0xffffffff)","childCount":0,"identifier":"(0x00004197, 0x00001dca)","index":0,"name":"Empty","parentIdentifier":"(0x00006099, 0x00001a73)","type":0}]</Data>
		</Entry>
	</Metadata>
</OpenViBE-Scenario>